,passenger_id,age,sibsp,parch,fare,alone,sex_male,embarked_Q,embarked_S,class_Second,class_Third
0,0,22.0,1,0,7.25,0,1,0,1,0,1
1,1,38.0,1,0,71.2833,0,0,0,0,0,0
2,2,26.0,0,0,7.925,1,0,0,1,0,1
3,3,35.0,1,0,53.1,0,0,0,1,0,0
4,4,35.0,0,0,8.05,1,1,0,1,0,1
5,5,29.69911764705882,0,0,8.4583,1,1,1,0,0,1
6,6,54.0,0,0,51.8625,1,1,0,1,0,0
7,7,2.0,3,1,21.075,0,1,0,1,0,1
8,8,27.0,0,2,11.1333,0,0,0,1,0,1
9,9,14.0,1,0,30.0708,0,0,0,0,1,0
10,10,4.0,1,1,16.7,0,0,0,1,0,1
11,11,58.0,0,0,26.55,1,0,0,1,0,0
12,12,20.0,0,0,8.05,1,1,0,1,0,1
13,13,39.0,1,5,31.275,0,1,0,1,0,1
14,14,14.0,0,0,7.8542,1,0,0,1,0,1
15,15,55.0,0,0,16.0,1,0,0,1,1,0
16,16,2.0,4,1,29.125,0,1,1,0,0,1
17,17,29.69911764705882,0,0,13.0,1,1,0,1,1,0
18,18,31.0,1,0,18.0,0,0,0,1,0,1
19,19,29.69911764705882,0,0,7.225,1,0,0,0,0,1
20,20,35.0,0,0,26.0,1,1,0,1,1,0
21,21,34.0,0,0,13.0,1,1,0,1,1,0
22,22,15.0,0,0,8.0292,1,0,1,0,0,1
23,23,28.0,0,0,35.5,1,1,0,1,0,0
24,24,8.0,3,1,21.075,0,0,0,1,0,1
25,25,38.0,1,5,31.3875,0,0,0,1,0,1
26,26,29.69911764705882,0,0,7.225,1,1,0,0,0,1
27,27,19.0,3,2,263.0,0,1,0,1,0,0
28,28,29.69911764705882,0,0,7.8792,1,0,1,0,0,1
29,29,29.69911764705882,0,0,7.8958,1,1,0,1,0,1
30,30,40.0,0,0,27.7208,1,1,0,0,0,0
31,31,29.69911764705882,1,0,146.5208,0,0,0,0,0,0
32,32,29.69911764705882,0,0,7.75,1,0,1,0,0,1
33,33,66.0,0,0,10.5,1,1,0,1,1,0
34,34,28.0,1,0,82.1708,0,1,0,0,0,0
35,35,42.0,1,0,52.0,0,1,0,1,0,0
36,36,29.69911764705882,0,0,7.2292,1,1,0,0,0,1
37,37,21.0,0,0,8.05,1,1,0,1,0,1
38,38,18.0,2,0,18.0,0,0,0,1,0,1
39,39,14.0,1,0,11.2417,0,0,0,0,0,1
40,40,40.0,1,0,9.475,0,0,0,1,0,1
41,41,27.0,1,0,21.0,0,0,0,1,1,0
42,42,29.69911764705882,0,0,7.8958,1,1,0,0,0,1
43,43,3.0,1,2,41.5792,0,0,0,0,1,0
44,44,19.0,0,0,7.8792,1,0,1,0,0,1
45,45,29.69911764705882,0,0,8.05,1,1,0,1,0,1
46,46,29.69911764705882,1,0,15.5,0,1,1,0,0,1
47,47,29.69911764705882,0,0,7.75,1,0,1,0,0,1
48,48,29.69911764705882,2,0,21.6792,0,1,0,0,0,1
49,49,18.0,1,0,17.8,0,0,0,1,0,1
50,50,7.0,4,1,39.6875,0,1,0,1,0,1
51,51,21.0,0,0,7.8,1,1,0,1,0,1
52,52,49.0,1,0,76.7292,0,0,0,0,0,0
53,53,29.0,1,0,26.0,0,0,0,1,1,0
54,54,65.0,0,1,61.9792,0,1,0,0,0,0
55,55,29.69911764705882,0,0,35.5,1,1,0,1,0,0
56,56,21.0,0,0,10.5,1,0,0,1,1,0
57,57,28.5,0,0,7.2292,1,1,0,0,0,1
58,58,5.0,1,2,27.75,0,0,0,1,1,0
59,59,11.0,5,2,46.9,0,1,0,1,0,1
60,60,22.0,0,0,7.2292,1,1,0,0,0,1
62,62,45.0,1,0,83.475,0,1,0,1,0,0
63,63,4.0,3,2,27.9,0,1,0,1,0,1
64,64,29.69911764705882,0,0,27.7208,1,1,0,0,0,0
65,65,29.69911764705882,1,1,15.2458,0,1,0,0,0,1
66,66,29.0,0,0,10.5,1,0,0,1,1,0
67,67,19.0,0,0,8.1583,1,1,0,1,0,1
68,68,17.0,4,2,7.925,0,0,0,1,0,1
69,69,26.0,2,0,8.6625,0,1,0,1,0,1
70,70,32.0,0,0,10.5,1,1,0,1,1,0
71,71,16.0,5,2,46.9,0,0,0,1,0,1
72,72,21.0,0,0,73.5,1,1,0,1,1,0
73,73,26.0,1,0,14.4542,0,1,0,0,0,1
74,74,32.0,0,0,56.4958,1,1,0,1,0,1
75,75,25.0,0,0,7.65,1,1,0,1,0,1
76,76,29.69911764705882,0,0,7.8958,1,1,0,1,0,1
77,77,29.69911764705882,0,0,8.05,1,1,0,1,0,1
78,78,0.83,0,2,29.0,0,1,0,1,1,0
79,79,30.0,0,0,12.475,1,0,0,1,0,1
80,80,22.0,0,0,9.0,1,1,0,1,0,1
81,81,29.0,0,0,9.5,1,1,0,1,0,1
82,82,29.69911764705882,0,0,7.7875,1,0,1,0,0,1
83,83,28.0,0,0,47.1,1,1,0,1,0,0
84,84,17.0,0,0,10.5,1,0,0,1,1,0
85,85,33.0,3,0,15.85,0,0,0,1,0,1
86,86,16.0,1,3,34.375,0,1,0,1,0,1
87,87,29.69911764705882,0,0,8.05,1,1,0,1,0,1
88,88,23.0,3,2,263.0,0,0,0,1,0,0
89,89,24.0,0,0,8.05,1,1,0,1,0,1
90,90,29.0,0,0,8.05,1,1,0,1,0,1
91,91,20.0,0,0,7.8542,1,1,0,1,0,1
92,92,46.0,1,0,61.175,0,1,0,1,0,0
93,93,26.0,1,2,20.575,0,1,0,1,0,1
94,94,59.0,0,0,7.25,1,1,0,1,0,1
95,95,29.69911764705882,0,0,8.05,1,1,0,1,0,1
96,96,71.0,0,0,34.6542,1,1,0,0,0,0
97,97,23.0,0,1,63.3583,0,1,0,0,0,0
98,98,34.0,0,1,23.0,0,0,0,1,1,0
99,99,34.0,1,0,26.0,0,1,0,1,1,0
100,100,28.0,0,0,7.8958,1,0,0,1,0,1
101,101,29.69911764705882,0,0,7.8958,1,1,0,1,0,1
102,102,21.0,0,1,77.2875,0,1,0,1,0,0
103,103,33.0,0,0,8.6542,1,1,0,1,0,1
104,104,37.0,2,0,7.925,0,1,0,1,0,1
105,105,28.0,0,0,7.8958,1,1,0,1,0,1
106,106,21.0,0,0,7.65,1,0,0,1,0,1
107,107,29.69911764705882,0,0,7.775,1,1,0,1,0,1
108,108,38.0,0,0,7.8958,1,1,0,1,0,1
109,109,29.69911764705882,1,0,24.15,0,0,1,0,0,1
110,110,47.0,0,0,52.0,1,1,0,1,0,0
111,111,14.5,1,0,14.4542,0,0,0,0,0,1
112,112,22.0,0,0,8.05,1,1,0,1,0,1
113,113,20.0,1,0,9.825,0,0,0,1,0,1
114,114,17.0,0,0,14.4583,1,0,0,0,0,1
115,115,21.0,0,0,7.925,1,1,0,1,0,1
116,116,70.5,0,0,7.75,1,1,1,0,0,1
117,117,29.0,1,0,21.0,0,1,0,1,1,0
118,118,24.0,0,1,247.5208,0,1,0,0,0,0
119,119,2.0,4,2,31.275,0,0,0,1,0,1
120,120,21.0,2,0,73.5,0,1,0,1,1,0
121,121,29.69911764705882,0,0,8.05,1,1,0,1,0,1
122,122,32.5,1,0,30.0708,0,1,0,0,1,0
123,123,32.5,0,0,13.0,1,0,0,1,1,0
124,124,54.0,0,1,77.2875,0,1,0,1,0,0
125,125,12.0,1,0,11.2417,0,1,0,0,0,1
126,126,29.69911764705882,0,0,7.75,1,1,1,0,0,1
127,127,24.0,0,0,7.1417,1,1,0,1,0,1
128,128,29.69911764705882,1,1,22.3583,0,0,0,0,0,1
129,129,45.0,0,0,6.975,1,1,0,1,0,1
130,130,33.0,0,0,7.8958,1,1,0,0,0,1
131,131,20.0,0,0,7.05,1,1,0,1,0,1
132,132,47.0,1,0,14.5,0,0,0,1,0,1
133,133,29.0,1,0,26.0,0,0,0,1,1,0
134,134,25.0,0,0,13.0,1,1,0,1,1,0
135,135,23.0,0,0,15.0458,1,1,0,0,1,0
136,136,19.0,0,2,26.2833,0,0,0,1,0,0
137,137,37.0,1,0,53.1,0,1,0,1,0,0
138,138,16.0,0,0,9.2167,1,1,0,1,0,1
139,139,24.0,0,0,79.2,1,1,0,0,0,0
140,140,29.69911764705882,0,2,15.2458,0,0,0,0,0,1
141,141,22.0,0,0,7.75,1,0,0,1,0,1
142,142,24.0,1,0,15.85,0,0,0,1,0,1
143,143,19.0,0,0,6.75,1,1,1,0,0,1
144,144,18.0,0,0,11.5,1,1,0,1,1,0
145,145,19.0,1,1,36.75,0,1,0,1,1,0
146,146,27.0,0,0,7.7958,1,1,0,1,0,1
147,147,9.0,2,2,34.375,0,0,0,1,0,1
148,148,36.5,0,2,26.0,0,1,0,1,1,0
149,149,42.0,0,0,13.0,1,1,0,1,1,0
150,150,51.0,0,0,12.525,1,1,0,1,1,0
151,151,22.0,1,0,66.6,0,0,0,1,0,0
152,152,55.5,0,0,8.05,1,1,0,1,0,1
153,153,40.5,0,2,14.5,0,1,0,1,0,1
154,154,29.69911764705882,0,0,7.3125,1,1,0,1,0,1
155,155,51.0,0,1,61.3792,0,1,0,0,0,0
156,156,16.0,0,0,7.7333,1,0,1,0,0,1
157,157,30.0,0,0,8.05,1,1,0,1,0,1
158,158,29.69911764705882,0,0,8.6625,1,1,0,1,0,1
159,159,29.69911764705882,8,2,69.55,0,1,0,1,0,1
160,160,44.0,0,1,16.1,0,1,0,1,0,1
161,161,40.0,0,0,15.75,1,0,0,1,1,0
162,162,26.0,0,0,7.775,1,1,0,1,0,1
163,163,17.0,0,0,8.6625,1,1,0,1,0,1
164,164,1.0,4,1,39.6875,0,1,0,1,0,1
165,165,9.0,0,2,20.525,0,1,0,1,0,1
166,166,29.69911764705882,0,1,55.0,0,0,0,1,0,0
167,167,45.0,1,4,27.9,0,0,0,1,0,1
168,168,29.69911764705882,0,0,25.925,1,1,0,1,0,0
169,169,28.0,0,0,56.4958,1,1,0,1,0,1
170,170,61.0,0,0,33.5,1,1,0,1,0,0
171,171,4.0,4,1,29.125,0,1,1,0,0,1
172,172,1.0,1,1,11.1333,0,0,0,1,0,1
173,173,21.0,0,0,7.925,1,1,0,1,0,1
174,174,56.0,0,0,30.6958,1,1,0,0,0,0
175,175,18.0,1,1,7.8542,0,1,0,1,0,1
176,176,29.69911764705882,3,1,25.4667,0,1,0,1,0,1
177,177,50.0,0,0,28.7125,1,0,0,0,0,0
178,178,30.0,0,0,13.0,1,1,0,1,1,0
179,179,36.0,0,0,0.0,1,1,0,1,0,1
180,180,29.69911764705882,8,2,69.55,0,0,0,1,0,1
181,181,29.69911764705882,0,0,15.05,1,1,0,0,1,0
182,182,9.0,4,2,31.3875,0,1,0,1,0,1
183,183,1.0,2,1,39.0,0,1,0,1,1,0
184,184,4.0,0,2,22.025,0,0,0,1,0,1
185,185,29.69911764705882,0,0,50.0,1,1,0,1,0,0
186,186,29.69911764705882,1,0,15.5,0,0,1,0,0,1
187,187,45.0,0,0,26.55,1,1,0,1,0,0
188,188,40.0,1,1,15.5,0,1,1,0,0,1
189,189,36.0,0,0,7.8958,1,1,0,1,0,1
190,190,32.0,0,0,13.0,1,0,0,1,1,0
191,191,19.0,0,0,13.0,1,1,0,1,1,0
192,192,19.0,1,0,7.8542,0,0,0,1,0,1
193,193,3.0,1,1,26.0,0,1,0,1,1,0
194,194,44.0,0,0,27.7208,1,0,0,0,0,0
195,195,58.0,0,0,146.5208,1,0,0,0,0,0
196,196,29.69911764705882,0,0,7.75,1,1,1,0,0,1
197,197,42.0,0,1,8.4042,0,1,0,1,0,1
198,198,29.69911764705882,0,0,7.75,1,0,1,0,0,1
199,199,24.0,0,0,13.0,1,0,0,1,1,0
200,200,28.0,0,0,9.5,1,1,0,1,0,1
201,201,29.69911764705882,8,2,69.55,0,1,0,1,0,1
202,202,34.0,0,0,6.4958,1,1,0,1,0,1
203,203,45.5,0,0,7.225,1,1,0,0,0,1
204,204,18.0,0,0,8.05,1,1,0,1,0,1
205,205,2.0,0,1,10.4625,0,0,0,1,0,1
206,206,32.0,1,0,15.85,0,1,0,1,0,1
207,207,26.0,0,0,18.7875,1,1,0,0,0,1
208,208,16.0,0,0,7.75,1,0,1,0,0,1
209,209,40.0,0,0,31.0,1,1,0,0,0,0
210,210,24.0,0,0,7.05,1,1,0,1,0,1
211,211,35.0,0,0,21.0,1,0,0,1,1,0
212,212,22.0,0,0,7.25,1,1,0,1,0,1
213,213,30.0,0,0,13.0,1,1,0,1,1,0
214,214,29.69911764705882,1,0,7.75,0,1,1,0,0,1
215,215,31.0,1,0,113.275,0,0,0,0,0,0
216,216,27.0,0,0,7.925,1,0,0,1,0,1
217,217,42.0,1,0,27.0,0,1,0,1,1,0
218,218,32.0,0,0,76.2917,1,0,0,0,0,0
219,219,30.0,0,0,10.5,1,1,0,1,1,0
220,220,16.0,0,0,8.05,1,1,0,1,0,1
221,221,27.0,0,0,13.0,1,1,0,1,1,0
222,222,51.0,0,0,8.05,1,1,0,1,0,1
223,223,29.69911764705882,0,0,7.8958,1,1,0,1,0,1
224,224,38.0,1,0,90.0,0,1,0,1,0,0
225,225,22.0,0,0,9.35,1,1,0,1,0,1
226,226,19.0,0,0,10.5,1,1,0,1,1,0
227,227,20.5,0,0,7.25,1,1,0,1,0,1
228,228,18.0,0,0,13.0,1,1,0,1,1,0
229,229,29.69911764705882,3,1,25.4667,0,0,0,1,0,1
230,230,35.0,1,0,83.475,0,0,0,1,0,0
231,231,29.0,0,0,7.775,1,1,0,1,0,1
232,232,59.0,0,0,13.5,1,1,0,1,1,0
233,233,5.0,4,2,31.3875,0,0,0,1,0,1
234,234,24.0,0,0,10.5,1,1,0,1,1,0
235,235,29.69911764705882,0,0,7.55,1,0,0,1,0,1
236,236,44.0,1,0,26.0,0,1,0,1,1,0
237,237,8.0,0,2,26.25,0,0,0,1,1,0
238,238,19.0,0,0,10.5,1,1,0,1,1,0
239,239,33.0,0,0,12.275,1,1,0,1,1,0
240,240,29.69911764705882,1,0,14.4542,0,0,0,0,0,1
241,241,29.69911764705882,1,0,15.5,0,0,1,0,0,1
242,242,29.0,0,0,10.5,1,1,0,1,1,0
243,243,22.0,0,0,7.125,1,1,0,1,0,1
244,244,30.0,0,0,7.225,1,1,0,0,0,1
245,245,44.0,2,0,90.0,0,1,1,0,0,0
246,246,25.0,0,0,7.775,1,0,0,1,0,1
247,247,24.0,0,2,14.5,0,0,0,1,1,0
248,248,37.0,1,1,52.5542,0,1,0,1,0,0
249,249,54.0,1,0,26.0,0,1,0,1,1,0
250,250,29.69911764705882,0,0,7.25,1,1,0,1,0,1
251,251,29.0,1,1,10.4625,0,0,0,1,0,1
252,252,62.0,0,0,26.55,1,1,0,1,0,0
253,253,30.0,1,0,16.1,0,1,0,1,0,1
254,254,41.0,0,2,20.2125,0,0,0,1,0,1
255,255,29.0,0,2,15.2458,0,0,0,0,0,1
256,256,29.69911764705882,0,0,79.2,1,0,0,0,0,0
257,257,30.0,0,0,86.5,1,0,0,1,0,0
258,258,35.0,0,0,512.3292,1,0,0,0,0,0
259,259,50.0,0,1,26.0,0,0,0,1,1,0
260,260,29.69911764705882,0,0,7.75,1,1,1,0,0,1
261,261,3.0,4,2,31.3875,0,1,0,1,0,1
262,262,52.0,1,1,79.65,0,1,0,1,0,0
263,263,40.0,0,0,0.0,1,1,0,1,0,0
264,264,29.69911764705882,0,0,7.75,1,0,1,0,0,1
265,265,36.0,0,0,10.5,1,1,0,1,1,0
266,266,16.0,4,1,39.6875,0,1,0,1,0,1
267,267,25.0,1,0,7.775,0,1,0,1,0,1
268,268,58.0,0,1,153.4625,0,0,0,1,0,0
269,269,35.0,0,0,135.6333,1,0,0,1,0,0
270,270,29.69911764705882,0,0,31.0,1,1,0,1,0,0
271,271,25.0,0,0,0.0,1,1,0,1,0,1
272,272,41.0,0,1,19.5,0,0,0,1,1,0
273,273,37.0,0,1,29.7,0,1,0,0,0,0
274,274,29.69911764705882,0,0,7.75,1,0,1,0,0,1
275,275,63.0,1,0,77.9583,0,0,0,1,0,0
276,276,45.0,0,0,7.75,1,0,0,1,0,1
277,277,29.69911764705882,0,0,0.0,1,1,0,1,1,0
278,278,7.0,4,1,29.125,0,1,1,0,0,1
279,279,35.0,1,1,20.25,0,0,0,1,0,1
280,280,65.0,0,0,7.75,1,1,1,0,0,1
281,281,28.0,0,0,7.8542,1,1,0,1,0,1
282,282,16.0,0,0,9.5,1,1,0,1,0,1
283,283,19.0,0,0,8.05,1,1,0,1,0,1
284,284,29.69911764705882,0,0,26.0,1,1,0,1,0,0
285,285,33.0,0,0,8.6625,1,1,0,0,0,1
286,286,30.0,0,0,9.5,1,1,0,1,0,1
287,287,22.0,0,0,7.8958,1,1,0,1,0,1
288,288,42.0,0,0,13.0,1,1,0,1,1,0
289,289,22.0,0,0,7.75,1,0,1,0,0,1
290,290,26.0,0,0,78.85,1,0,0,1,0,0
291,291,19.0,1,0,91.0792,0,0,0,0,0,0
292,292,36.0,0,0,12.875,1,1,0,0,1,0
293,293,24.0,0,0,8.85,1,0,0,1,0,1
294,294,24.0,0,0,7.8958,1,1,0,1,0,1
295,295,29.69911764705882,0,0,27.7208,1,1,0,0,0,0
296,296,23.5,0,0,7.2292,1,1,0,0,0,1
297,297,2.0,1,2,151.55,0,0,0,1,0,0
298,298,29.69911764705882,0,0,30.5,1,1,0,1,0,0
299,299,50.0,0,1,247.5208,0,0,0,0,0,0
300,300,29.69911764705882,0,0,7.75,1,0,1,0,0,1
301,301,29.69911764705882,2,0,23.25,0,1,1,0,0,1
302,302,19.0,0,0,0.0,1,1,0,1,0,1
303,303,29.69911764705882,0,0,12.35,1,0,1,0,1,0
304,304,29.69911764705882,0,0,8.05,1,1,0,1,0,1
305,305,0.92,1,2,151.55,0,1,0,1,0,0
306,306,29.69911764705882,0,0,110.8833,1,0,0,0,0,0
307,307,17.0,1,0,108.9,0,0,0,0,0,0
308,308,30.0,1,0,24.0,0,1,0,0,1,0
309,309,30.0,0,0,56.9292,1,0,0,0,0,0
310,310,24.0,0,0,83.1583,1,0,0,0,0,0
311,311,18.0,2,2,262.375,0,0,0,0,0,0
312,312,26.0,1,1,26.0,0,0,0,1,1,0
313,313,28.0,0,0,7.8958,1,1,0,1,0,1
314,314,43.0,1,1,26.25,0,1,0,1,1,0
315,315,26.0,0,0,7.8542,1,0,0,1,0,1
316,316,24.0,1,0,26.0,0,0,0,1,1,0
317,317,54.0,0,0,14.0,1,1,0,1,1,0
318,318,31.0,0,2,164.8667,0,0,0,1,0,0
319,319,40.0,1,1,134.5,0,0,0,0,0,0
320,320,22.0,0,0,7.25,1,1,0,1,0,1
321,321,27.0,0,0,7.8958,1,1,0,1,0,1
322,322,30.0,0,0,12.35,1,0,1,0,1,0
323,323,22.0,1,1,29.0,0,0,0,1,1,0
324,324,29.69911764705882,8,2,69.55,0,1,0,1,0,1
325,325,36.0,0,0,135.6333,1,0,0,0,0,0
326,326,61.0,0,0,6.2375,1,1,0,1,0,1
327,327,36.0,0,0,13.0,1,0,0,1,1,0
328,328,31.0,1,1,20.525,0,0,0,1,0,1
329,329,16.0,0,1,57.9792,0,0,0,0,0,0
330,330,29.69911764705882,2,0,23.25,0,0,1,0,0,1
331,331,45.5,0,0,28.5,1,1,0,1,0,0
332,332,38.0,0,1,153.4625,0,1,0,1,0,0
333,333,16.0,2,0,18.0,0,1,0,1,0,1
334,334,29.69911764705882,1,0,133.65,0,0,0,1,0,0
335,335,29.69911764705882,0,0,7.8958,1,1,0,1,0,1
336,336,29.0,1,0,66.6,0,1,0,1,0,0
337,337,41.0,0,0,134.5,1,0,0,0,0,0
338,338,45.0,0,0,8.05,1,1,0,1,0,1
339,339,45.0,0,0,35.5,1,1,0,1,0,0
340,340,2.0,1,1,26.0,0,1,0,1,1,0
341,341,24.0,3,2,263.0,0,0,0,1,0,0
342,342,28.0,0,0,13.0,1,1,0,1,1,0
343,343,25.0,0,0,13.0,1,1,0,1,1,0
344,344,36.0,0,0,13.0,1,1,0,1,1,0
345,345,24.0,0,0,13.0,1,0,0,1,1,0
346,346,40.0,0,0,13.0,1,0,0,1,1,0
347,347,29.69911764705882,1,0,16.1,0,0,0,1,0,1
348,348,3.0,1,1,15.9,0,1,0,1,0,1
349,349,42.0,0,0,8.6625,1,1,0,1,0,1
350,350,23.0,0,0,9.225,1,1,0,1,0,1
351,351,29.69911764705882,0,0,35.0,1,1,0,1,0,0
352,352,15.0,1,1,7.2292,0,1,0,0,0,1
353,353,25.0,1,0,17.8,0,1,0,1,0,1
354,354,29.69911764705882,0,0,7.225,1,1,0,0,0,1
355,355,28.0,0,0,9.5,1,1,0,1,0,1
356,356,22.0,0,1,55.0,0,0,0,1,0,0
357,357,38.0,0,0,13.0,1,0,0,1,1,0
358,358,29.69911764705882,0,0,7.8792,1,0,1,0,0,1
359,359,29.69911764705882,0,0,7.8792,1,0,1,0,0,1
360,360,40.0,1,4,27.9,0,1,0,1,0,1
361,361,29.0,1,0,27.7208,0,1,0,0,1,0
362,362,45.0,0,1,14.4542,0,0,0,0,0,1
363,363,35.0,0,0,7.05,1,1,0,1,0,1
364,364,29.69911764705882,1,0,15.5,0,1,1,0,0,1
365,365,30.0,0,0,7.25,1,1,0,1,0,1
366,366,60.0,1,0,75.25,0,0,0,0,0,0
367,367,29.69911764705882,0,0,7.2292,1,0,0,0,0,1
368,368,29.69911764705882,0,0,7.75,1,0,1,0,0,1
369,369,24.0,0,0,69.3,1,0,0,0,0,0
370,370,25.0,1,0,55.4417,0,1,0,0,0,0
371,371,18.0,1,0,6.4958,0,1,0,1,0,1
372,372,19.0,0,0,8.05,1,1,0,1,0,1
373,373,22.0,0,0,135.6333,1,1,0,0,0,0
374,374,3.0,3,1,21.075,0,0,0,1,0,1
375,375,29.69911764705882,1,0,82.1708,0,0,0,0,0,0
376,376,22.0,0,0,7.25,1,0,0,1,0,1
377,377,27.0,0,2,211.5,0,1,0,0,0,0
378,378,20.0,0,0,4.0125,1,1,0,0,0,1
379,379,19.0,0,0,7.775,1,1,0,1,0,1
380,380,42.0,0,0,227.525,1,0,0,0,0,0
381,381,1.0,0,2,15.7417,0,0,0,0,0,1
382,382,32.0,0,0,7.925,1,1,0,1,0,1
383,383,35.0,1,0,52.0,0,0,0,1,0,0
384,384,29.69911764705882,0,0,7.8958,1,1,0,1,0,1
385,385,18.0,0,0,73.5,1,1,0,1,1,0
386,386,1.0,5,2,46.9,0,1,0,1,0,1
387,387,36.0,0,0,13.0,1,0,0,1,1,0
388,388,29.69911764705882,0,0,7.7292,1,1,1,0,0,1
389,389,17.0,0,0,12.0,1,0,0,0,1,0
390,390,36.0,1,2,120.0,0,1,0,1,0,0
391,391,21.0,0,0,7.7958,1,1,0,1,0,1
392,392,28.0,2,0,7.925,0,1,0,1,0,1
393,393,23.0,1,0,113.275,0,0,0,0,0,0
394,394,24.0,0,2,16.7,0,0,0,1,0,1
395,395,22.0,0,0,7.7958,1,1,0,1,0,1
396,396,31.0,0,0,7.8542,1,0,0,1,0,1
397,397,46.0,0,0,26.0,1,1,0,1,1,0
398,398,23.0,0,0,10.5,1,1,0,1,1,0
399,399,28.0,0,0,12.65,1,0,0,1,1,0
400,400,39.0,0,0,7.925,1,1,0,1,0,1
401,401,26.0,0,0,8.05,1,1,0,1,0,1
402,402,21.0,1,0,9.825,0,0,0,1,0,1
403,403,28.0,1,0,15.85,0,1,0,1,0,1
404,404,20.0,0,0,8.6625,1,0,0,1,0,1
405,405,34.0,1,0,21.0,0,1,0,1,1,0
406,406,51.0,0,0,7.75,1,1,0,1,0,1
407,407,3.0,1,1,18.75,0,1,0,1,1,0
408,408,21.0,0,0,7.775,1,1,0,1,0,1
409,409,29.69911764705882,3,1,25.4667,0,0,0,1,0,1
410,410,29.69911764705882,0,0,7.8958,1,1,0,1,0,1
411,411,29.69911764705882,0,0,6.8583,1,1,1,0,0,1
412,412,33.0,1,0,90.0,0,0,1,0,0,0
413,413,29.69911764705882,0,0,0.0,1,1,0,1,1,0
414,414,44.0,0,0,7.925,1,1,0,1,0,1
415,415,29.69911764705882,0,0,8.05,1,0,0,1,0,1
416,416,34.0,1,1,32.5,0,0,0,1,1,0
417,417,18.0,0,2,13.0,0,0,0,1,1,0
418,418,30.0,0,0,13.0,1,1,0,1,1,0
419,419,10.0,0,2,24.15,0,0,0,1,0,1
420,420,29.69911764705882,0,0,7.8958,1,1,0,0,0,1
421,421,21.0,0,0,7.7333,1,1,1,0,0,1
422,422,29.0,0,0,7.875,1,1,0,1,0,1
423,423,28.0,1,1,14.4,0,0,0,1,0,1
424,424,18.0,1,1,20.2125,0,1,0,1,0,1
425,425,29.69911764705882,0,0,7.25,1,1,0,1,0,1
426,426,28.0,1,0,26.0,0,0,0,1,1,0
427,427,19.0,0,0,26.0,1,0,0,1,1,0
428,428,29.69911764705882,0,0,7.75,1,1,1,0,0,1
429,429,32.0,0,0,8.05,1,1,0,1,0,1
430,430,28.0,0,0,26.55,1,1,0,1,0,0
431,431,29.69911764705882,1,0,16.1,0,0,0,1,0,1
432,432,42.0,1,0,26.0,0,0,0,1,1,0
433,433,17.0,0,0,7.125,1,1,0,1,0,1
434,434,50.0,1,0,55.9,0,1,0,1,0,0
435,435,14.0,1,2,120.0,0,0,0,1,0,0
436,436,21.0,2,2,34.375,0,0,0,1,0,1
437,437,24.0,2,3,18.75,0,0,0,1,1,0
438,438,64.0,1,4,263.0,0,1,0,1,0,0
439,439,31.0,0,0,10.5,1,1,0,1,1,0
440,440,45.0,1,1,26.25,0,0,0,1,1,0
441,441,20.0,0,0,9.5,1,1,0,1,0,1
442,442,25.0,1,0,7.775,0,1,0,1,0,1
443,443,28.0,0,0,13.0,1,0,0,1,1,0
444,444,29.69911764705882,0,0,8.1125,1,1,0,1,0,1
445,445,4.0,0,2,81.8583,0,1,0,1,0,0
446,446,13.0,0,1,19.5,0,0,0,1,1,0
447,447,34.0,0,0,26.55,1,1,0,1,0,0
448,448,5.0,2,1,19.2583,0,0,0,0,0,1
449,449,52.0,0,0,30.5,1,1,0,1,0,0
450,450,36.0,1,2,27.75,0,1,0,1,1,0
451,451,29.69911764705882,1,0,19.9667,0,1,0,1,0,1
452,452,30.0,0,0,27.75,1,1,0,0,0,0
453,453,49.0,1,0,89.1042,0,1,0,0,0,0
454,454,29.69911764705882,0,0,8.05,1,1,0,1,0,1
455,455,29.0,0,0,7.8958,1,1,0,0,0,1
456,456,65.0,0,0,26.55,1,1,0,1,0,0
457,457,29.69911764705882,1,0,51.8625,0,0,0,1,0,0
458,458,50.0,0,0,10.5,1,0,0,1,1,0
459,459,29.69911764705882,0,0,7.75,1,1,1,0,0,1
460,460,48.0,0,0,26.55,1,1,0,1,0,0
461,461,34.0,0,0,8.05,1,1,0,1,0,1
462,462,47.0,0,0,38.5,1,1,0,1,0,0
463,463,48.0,0,0,13.0,1,1,0,1,1,0
464,464,29.69911764705882,0,0,8.05,1,1,0,1,0,1
465,465,38.0,0,0,7.05,1,1,0,1,0,1
466,466,29.69911764705882,0,0,0.0,1,1,0,1,1,0
467,467,56.0,0,0,26.55,1,1,0,1,0,0
468,468,29.69911764705882,0,0,7.725,1,1,1,0,0,1
469,469,0.75,2,1,19.2583,0,0,0,0,0,1
470,470,29.69911764705882,0,0,7.25,1,1,0,1,0,1
471,471,38.0,0,0,8.6625,1,1,0,1,0,1
472,472,33.0,1,2,27.75,0,0,0,1,1,0
473,473,23.0,0,0,13.7917,1,0,0,0,1,0
474,474,22.0,0,0,9.8375,1,0,0,1,0,1
475,475,29.69911764705882,0,0,52.0,1,1,0,1,0,0
476,476,34.0,1,0,21.0,0,1,0,1,1,0
477,477,29.0,1,0,7.0458,0,1,0,1,0,1
478,478,22.0,0,0,7.5208,1,1,0,1,0,1
479,479,2.0,0,1,12.2875,0,0,0,1,0,1
480,480,9.0,5,2,46.9,0,1,0,1,0,1
481,481,29.69911764705882,0,0,0.0,1,1,0,1,1,0
482,482,50.0,0,0,8.05,1,1,0,1,0,1
483,483,63.0,0,0,9.5875,1,0,0,1,0,1
484,484,25.0,1,0,91.0792,0,1,0,0,0,0
485,485,29.69911764705882,3,1,25.4667,0,0,0,1,0,1
486,486,35.0,1,0,90.0,0,0,0,1,0,0
487,487,58.0,0,0,29.7,1,1,0,0,0,0
488,488,30.0,0,0,8.05,1,1,0,1,0,1
489,489,9.0,1,1,15.9,0,1,0,1,0,1
490,490,29.69911764705882,1,0,19.9667,0,1,0,1,0,1
491,491,21.0,0,0,7.25,1,1,0,1,0,1
492,492,55.0,0,0,30.5,1,1,0,1,0,0
493,493,71.0,0,0,49.5042,1,1,0,0,0,0
494,494,21.0,0,0,8.05,1,1,0,1,0,1
495,495,29.69911764705882,0,0,14.4583,1,1,0,0,0,1
496,496,54.0,1,0,78.2667,0,0,0,0,0,0
497,497,29.69911764705882,0,0,15.1,1,1,0,1,0,1
498,498,25.0,1,2,151.55,0,0,0,1,0,0
499,499,24.0,0,0,7.7958,1,1,0,1,0,1
500,500,17.0,0,0,8.6625,1,1,0,1,0,1
501,501,21.0,0,0,7.75,1,0,1,0,0,1
502,502,29.69911764705882,0,0,7.6292,1,0,1,0,0,1
503,503,37.0,0,0,9.5875,1,0,0,1,0,1
504,504,16.0,0,0,86.5,1,0,0,1,0,0
505,505,18.0,1,0,108.9,0,1,0,0,0,0
506,506,33.0,0,2,26.0,0,0,0,1,1,0
507,507,29.69911764705882,0,0,26.55,1,1,0,1,0,0
508,508,28.0,0,0,22.525,1,1,0,1,0,1
509,509,26.0,0,0,56.4958,1,1,0,1,0,1
510,510,29.0,0,0,7.75,1,1,1,0,0,1
511,511,29.69911764705882,0,0,8.05,1,1,0,1,0,1
512,512,36.0,0,0,26.2875,1,1,0,1,0,0
513,513,54.0,1,0,59.4,0,0,0,0,0,0
514,514,24.0,0,0,7.4958,1,1,0,1,0,1
515,515,47.0,0,0,34.0208,1,1,0,1,0,0
516,516,34.0,0,0,10.5,1,0,0,1,1,0
517,517,29.69911764705882,0,0,24.15,1,1,1,0,0,1
518,518,36.0,1,0,26.0,0,0,0,1,1,0
519,519,32.0,0,0,7.8958,1,1,0,1,0,1
520,520,30.0,0,0,93.5,1,0,0,1,0,0
521,521,22.0,0,0,7.8958,1,1,0,1,0,1
522,522,29.69911764705882,0,0,7.225,1,1,0,0,0,1
523,523,44.0,0,1,57.9792,0,0,0,0,0,0
524,524,29.69911764705882,0,0,7.2292,1,1,0,0,0,1
525,525,40.5,0,0,7.75,1,1,1,0,0,1
526,526,50.0,0,0,10.5,1,0,0,1,1,0
527,527,29.69911764705882,0,0,221.7792,1,1,0,1,0,0
528,528,39.0,0,0,7.925,1,1,0,1,0,1
529,529,23.0,2,1,11.5,0,1,0,1,1,0
530,530,2.0,1,1,26.0,0,0,0,1,1,0
531,531,29.69911764705882,0,0,7.2292,1,1,0,0,0,1
532,532,17.0,1,1,7.2292,0,1,0,0,0,1
533,533,29.69911764705882,0,2,22.3583,0,0,0,0,0,1
534,534,30.0,0,0,8.6625,1,0,0,1,0,1
535,535,7.0,0,2,26.25,0,0,0,1,1,0
536,536,45.0,0,0,26.55,1,1,0,1,0,0
537,537,30.0,0,0,106.425,1,0,0,0,0,0
538,538,29.69911764705882,0,0,14.5,1,1,0,1,0,1
539,539,22.0,0,2,49.5,0,0,0,0,0,0
540,540,36.0,0,2,71.0,0,0,0,1,0,0
541,541,9.0,4,2,31.275,0,0,0,1,0,1
542,542,11.0,4,2,31.275,0,0,0,1,0,1
543,543,32.0,1,0,26.0,0,1,0,1,1,0
544,544,50.0,1,0,106.425,0,1,0,0,0,0
545,545,64.0,0,0,26.0,1,1,0,1,0,0
546,546,19.0,1,0,26.0,0,0,0,1,1,0
547,547,29.69911764705882,0,0,13.8625,1,1,0,0,1,0
548,548,33.0,1,1,20.525,0,1,0,1,0,1
549,549,8.0,1,1,36.75,0,1,0,1,1,0
550,550,17.0,0,2,110.8833,0,1,0,0,0,0
551,551,27.0,0,0,26.0,1,1,0,1,1,0
552,552,29.69911764705882,0,0,7.8292,1,1,1,0,0,1
553,553,22.0,0,0,7.225,1,1,0,0,0,1
554,554,22.0,0,0,7.775,1,0,0,1,0,1
555,555,62.0,0,0,26.55,1,1,0,1,0,0
556,556,48.0,1,0,39.6,0,0,0,0,0,0
557,557,29.69911764705882,0,0,227.525,1,1,0,0,0,0
558,558,39.0,1,1,79.65,0,0,0,1,0,0
559,559,36.0,1,0,17.4,0,0,0,1,0,1
560,560,29.69911764705882,0,0,7.75,1,1,1,0,0,1
561,561,40.0,0,0,7.8958,1,1,0,1,0,1
562,562,28.0,0,0,13.5,1,1,0,1,1,0
563,563,29.69911764705882,0,0,8.05,1,1,0,1,0,1
564,564,29.69911764705882,0,0,8.05,1,0,0,1,0,1
565,565,24.0,2,0,24.15,0,1,0,1,0,1
566,566,19.0,0,0,7.8958,1,1,0,1,0,1
567,567,29.0,0,4,21.075,0,0,0,1,0,1
568,568,29.69911764705882,0,0,7.2292,1,1,0,0,0,1
569,569,32.0,0,0,7.8542,1,1,0,1,0,1
570,570,62.0,0,0,10.5,1,1,0,1,1,0
571,571,53.0,2,0,51.4792,0,0,0,1,0,0
572,572,36.0,0,0,26.3875,1,1,0,1,0,0
573,573,29.69911764705882,0,0,7.75,1,0,1,0,0,1
574,574,16.0,0,0,8.05,1,1,0,1,0,1
575,575,19.0,0,0,14.5,1,1,0,1,0,1
576,576,34.0,0,0,13.0,1,0,0,1,1,0
577,577,39.0,1,0,55.9,0,0,0,1,0,0
578,578,29.69911764705882,1,0,14.4583,0,0,0,0,0,1
579,579,32.0,0,0,7.925,1,1,0,1,0,1
580,580,25.0,1,1,30.0,0,0,0,1,1,0
581,581,39.0,1,1,110.8833,0,0,0,0,0,0
582,582,54.0,0,0,26.0,1,1,0,1,1,0
583,583,36.0,0,0,40.125,1,1,0,0,0,0
584,584,29.69911764705882,0,0,8.7125,1,1,0,0,0,1
585,585,18.0,0,2,79.65,0,0,0,1,0,0
586,586,47.0,0,0,15.0,1,1,0,1,1,0
587,587,60.0,1,1,79.2,0,1,0,0,0,0
588,588,22.0,0,0,8.05,1,1,0,1,0,1
589,589,29.69911764705882,0,0,8.05,1,1,0,1,0,1
590,590,35.0,0,0,7.125,1,1,0,1,0,1
591,591,52.0,1,0,78.2667,0,0,0,0,0,0
592,592,47.0,0,0,7.25,1,1,0,1,0,1
593,593,29.69911764705882,0,2,7.75,0,0,1,0,0,1
594,594,37.0,1,0,26.0,0,1,0,1,1,0
595,595,36.0,1,1,24.15,0,1,0,1,0,1
596,596,29.69911764705882,0,0,33.0,1,0,0,1,1,0
597,597,49.0,0,0,0.0,1,1,0,1,0,1
598,598,29.69911764705882,0,0,7.225,1,1,0,0,0,1
599,599,49.0,1,0,56.9292,0,1,0,0,0,0
600,600,24.0,2,1,27.0,0,0,0,1,1,0
601,601,29.69911764705882,0,0,7.8958,1,1,0,1,0,1
602,602,29.69911764705882,0,0,42.4,1,1,0,1,0,0
603,603,44.0,0,0,8.05,1,1,0,1,0,1
604,604,35.0,0,0,26.55,1,1,0,0,0,0
605,605,36.0,1,0,15.55,0,1,0,1,0,1
606,606,30.0,0,0,7.8958,1,1,0,1,0,1
607,607,27.0,0,0,30.5,1,1,0,1,0,0
608,608,22.0,1,2,41.5792,0,0,0,0,1,0
609,609,40.0,0,0,153.4625,1,0,0,1,0,0
610,610,39.0,1,5,31.275,0,0,0,1,0,1
611,611,29.69911764705882,0,0,7.05,1,1,0,1,0,1
612,612,29.69911764705882,1,0,15.5,0,0,1,0,0,1
613,613,29.69911764705882,0,0,7.75,1,1,1,0,0,1
614,614,35.0,0,0,8.05,1,1,0,1,0,1
615,615,24.0,1,2,65.0,0,0,0,1,1,0
616,616,34.0,1,1,14.4,0,1,0,1,0,1
617,617,26.0,1,0,16.1,0,0,0,1,0,1
618,618,4.0,2,1,39.0,0,0,0,1,1,0
619,619,26.0,0,0,10.5,1,1,0,1,1,0
620,620,27.0,1,0,14.4542,0,1,0,0,0,1
621,621,42.0,1,0,52.5542,0,1,0,1,0,0
622,622,20.0,1,1,15.7417,0,1,0,0,0,1
623,623,21.0,0,0,7.8542,1,1,0,1,0,1
624,624,21.0,0,0,16.1,1,1,0,1,0,1
625,625,61.0,0,0,32.3208,1,1,0,1,0,0
626,626,57.0,0,0,12.35,1,1,1,0,1,0
627,627,21.0,0,0,77.9583,1,0,0,1,0,0
628,628,26.0,0,0,7.8958,1,1,0,1,0,1
629,629,29.69911764705882,0,0,7.7333,1,1,1,0,0,1
630,630,80.0,0,0,30.0,1,1,0,1,0,0
631,631,51.0,0,0,7.0542,1,1,0,1,0,1
632,632,32.0,0,0,30.5,1,1,0,0,0,0
633,633,29.69911764705882,0,0,0.0,1,1,0,1,0,0
634,634,9.0,3,2,27.9,0,0,0,1,0,1
635,635,28.0,0,0,13.0,1,0,0,1,1,0
636,636,32.0,0,0,7.925,1,1,0,1,0,1
637,637,31.0,1,1,26.25,0,1,0,1,1,0
638,638,41.0,0,5,39.6875,0,0,0,1,0,1
639,639,29.69911764705882,1,0,16.1,0,1,0,1,0,1
640,640,20.0,0,0,7.8542,1,1,0,1,0,1
641,641,24.0,0,0,69.3,1,0,0,0,0,0
642,642,2.0,3,2,27.9,0,0,0,1,0,1
643,643,29.69911764705882,0,0,56.4958,1,1,0,1,0,1
644,644,0.75,2,1,19.2583,0,0,0,0,0,1
645,645,48.0,1,0,76.7292,0,1,0,0,0,0
646,646,19.0,0,0,7.8958,1,1,0,1,0,1
647,647,56.0,0,0,35.5,1,1,0,0,0,0
648,648,29.69911764705882,0,0,7.55,1,1,0,1,0,1
649,649,23.0,0,0,7.55,1,0,0,1,0,1
650,650,29.69911764705882,0,0,7.8958,1,1,0,1,0,1
651,651,18.0,0,1,23.0,0,0,0,1,1,0
652,652,21.0,0,0,8.4333,1,1,0,1,0,1
653,653,29.69911764705882,0,0,7.8292,1,0,1,0,0,1
654,654,18.0,0,0,6.75,1,0,1,0,0,1
655,655,24.0,2,0,73.5,0,1,0,1,1,0
656,656,29.69911764705882,0,0,7.8958,1,1,0,1,0,1
657,657,32.0,1,1,15.5,0,0,1,0,0,1
658,658,23.0,0,0,13.0,1,1,0,1,1,0
659,659,58.0,0,2,113.275,0,1,0,0,0,0
660,660,50.0,2,0,133.65,0,1,0,1,0,0
661,661,40.0,0,0,7.225,1,1,0,0,0,1
662,662,47.0,0,0,25.5875,1,1,0,1,0,0
663,663,36.0,0,0,7.4958,1,1,0,1,0,1
664,664,20.0,1,0,7.925,0,1,0,1,0,1
665,665,32.0,2,0,73.5,0,1,0,1,1,0
666,666,25.0,0,0,13.0,1,1,0,1,1,0
667,667,29.69911764705882,0,0,7.775,1,1,0,1,0,1
668,668,43.0,0,0,8.05,1,1,0,1,0,1
669,669,29.69911764705882,1,0,52.0,0,0,0,1,0,0
670,670,40.0,1,1,39.0,0,0,0,1,1,0
671,671,31.0,1,0,52.0,0,1,0,1,0,0
672,672,70.0,0,0,10.5,1,1,0,1,1,0
673,673,31.0,0,0,13.0,1,1,0,1,1,0
674,674,29.69911764705882,0,0,0.0,1,1,0,1,1,0
675,675,18.0,0,0,7.775,1,1,0,1,0,1
676,676,24.5,0,0,8.05,1,1,0,1,0,1
677,677,18.0,0,0,9.8417,1,0,0,1,0,1
678,678,43.0,1,6,46.9,0,0,0,1,0,1
679,679,36.0,0,1,512.3292,0,1,0,0,0,0
680,680,29.69911764705882,0,0,8.1375,1,0,1,0,0,1
681,681,27.0,0,0,76.7292,1,1,0,0,0,0
682,682,20.0,0,0,9.225,1,1,0,1,0,1
683,683,14.0,5,2,46.9,0,1,0,1,0,1
684,684,60.0,1,1,39.0,0,1,0,1,1,0
685,685,25.0,1,2,41.5792,0,1,0,0,1,0
686,686,14.0,4,1,39.6875,0,1,0,1,0,1
687,687,19.0,0,0,10.1708,1,1,0,1,0,1
688,688,18.0,0,0,7.7958,1,1,0,1,0,1
689,689,15.0,0,1,211.3375,0,0,0,1,0,0
690,690,31.0,1,0,57.0,0,1,0,1,0,0
691,691,4.0,0,1,13.4167,0,0,0,0,0,1
692,692,29.69911764705882,0,0,56.4958,1,1,0,1,0,1
693,693,25.0,0,0,7.225,1,1,0,0,0,1
694,694,60.0,0,0,26.55,1,1,0,1,0,0
695,695,52.0,0,0,13.5,1,1,0,1,1,0
696,696,44.0,0,0,8.05,1,1,0,1,0,1
697,697,29.69911764705882,0,0,7.7333,1,0,1,0,0,1
698,698,49.0,1,1,110.8833,0,1,0,0,0,0
699,699,42.0,0,0,7.65,1,1,0,1,0,1
700,700,18.0,1,0,227.525,0,0,0,0,0,0
701,701,35.0,0,0,26.2875,1,1,0,1,0,0
702,702,18.0,0,1,14.4542,0,0,0,0,0,1
703,703,25.0,0,0,7.7417,1,1,1,0,0,1
704,704,26.0,1,0,7.8542,0,1,0,1,0,1
705,705,39.0,0,0,26.0,1,1,0,1,1,0
706,706,45.0,0,0,13.5,1,0,0,1,1,0
707,707,42.0,0,0,26.2875,1,1,0,1,0,0
708,708,22.0,0,0,151.55,1,0,0,1,0,0
709,709,29.69911764705882,1,1,15.2458,0,1,0,0,0,1
710,710,24.0,0,0,49.5042,1,0,0,0,0,0
711,711,29.69911764705882,0,0,26.55,1,1,0,1,0,0
712,712,48.0,1,0,52.0,0,1,0,1,0,0
713,713,29.0,0,0,9.4833,1,1,0,1,0,1
714,714,52.0,0,0,13.0,1,1,0,1,1,0
715,715,19.0,0,0,7.65,1,1,0,1,0,1
716,716,38.0,0,0,227.525,1,0,0,0,0,0
717,717,27.0,0,0,10.5,1,0,0,1,1,0
718,718,29.69911764705882,0,0,15.5,1,1,1,0,0,1
719,719,33.0,0,0,7.775,1,1,0,1,0,1
720,720,6.0,0,1,33.0,0,0,0,1,1,0
721,721,17.0,1,0,7.0542,0,1,0,1,0,1
722,722,34.0,0,0,13.0,1,1,0,1,1,0
723,723,50.0,0,0,13.0,1,1,0,1,1,0
724,724,27.0,1,0,53.1,0,1,0,1,0,0
725,725,20.0,0,0,8.6625,1,1,0,1,0,1
726,726,30.0,3,0,21.0,0,0,0,1,1,0
727,727,29.69911764705882,0,0,7.7375,1,0,1,0,0,1
728,728,25.0,1,0,26.0,0,1,0,1,1,0
729,729,25.0,1,0,7.925,0,0,0,1,0,1
730,730,29.0,0,0,211.3375,1,0,0,1,0,0
731,731,11.0,0,0,18.7875,1,1,0,0,0,1
732,732,29.69911764705882,0,0,0.0,1,1,0,1,1,0
733,733,23.0,0,0,13.0,1,1,0,1,1,0
734,734,23.0,0,0,13.0,1,1,0,1,1,0
735,735,28.5,0,0,16.1,1,1,0,1,0,1
736,736,48.0,1,3,34.375,0,0,0,1,0,1
737,737,35.0,0,0,512.3292,1,1,0,0,0,0
738,738,29.69911764705882,0,0,7.8958,1,1,0,1,0,1
739,739,29.69911764705882,0,0,7.8958,1,1,0,1,0,1
740,740,29.69911764705882,0,0,30.0,1,1,0,1,0,0
741,741,36.0,1,0,78.85,0,1,0,1,0,0
742,742,21.0,2,2,262.375,0,0,0,0,0,0
743,743,24.0,1,0,16.1,0,1,0,1,0,1
744,744,31.0,0,0,7.925,1,1,0,1,0,1
745,745,70.0,1,1,71.0,0,1,0,1,0,0
746,746,16.0,1,1,20.25,0,1,0,1,0,1
747,747,30.0,0,0,13.0,1,0,0,1,1,0
748,748,19.0,1,0,53.1,0,1,0,1,0,0
749,749,31.0,0,0,7.75,1,1,1,0,0,1
750,750,4.0,1,1,23.0,0,0,0,1,1,0
751,751,6.0,0,1,12.475,0,1,0,1,0,1
752,752,33.0,0,0,9.5,1,1,0,1,0,1
753,753,23.0,0,0,7.8958,1,1,0,1,0,1
754,754,48.0,1,2,65.0,0,0,0,1,1,0
755,755,0.67,1,1,14.5,0,1,0,1,1,0
756,756,28.0,0,0,7.7958,1,1,0,1,0,1
757,757,18.0,0,0,11.5,1,1,0,1,1,0
758,758,34.0,0,0,8.05,1,1,0,1,0,1
759,759,33.0,0,0,86.5,1,0,0,1,0,0
760,760,29.69911764705882,0,0,14.5,1,1,0,1,0,1
761,761,41.0,0,0,7.125,1,1,0,1,0,1
762,762,20.0,0,0,7.2292,1,1,0,0,0,1
763,763,36.0,1,2,120.0,0,0,0,1,0,0
764,764,16.0,0,0,7.775,1,1,0,1,0,1
765,765,51.0,1,0,77.9583,0,0,0,1,0,0
766,766,29.69911764705882,0,0,39.6,1,1,0,0,0,0
767,767,30.5,0,0,7.75,1,0,1,0,0,1
768,768,29.69911764705882,1,0,24.15,0,1,1,0,0,1
769,769,32.0,0,0,8.3625,1,1,0,1,0,1
770,770,24.0,0,0,9.5,1,1,0,1,0,1
771,771,48.0,0,0,7.8542,1,1,0,1,0,1
772,772,57.0,0,0,10.5,1,0,0,1,1,0
773,773,29.69911764705882,0,0,7.225,1,1,0,0,0,1
774,774,54.0,1,3,23.0,0,0,0,1,1,0
775,775,18.0,0,0,7.75,1,1,0,1,0,1
776,776,29.69911764705882,0,0,7.75,1,1,1,0,0,1
777,777,5.0,0,0,12.475,1,0,0,1,0,1
778,778,29.69911764705882,0,0,7.7375,1,1,1,0,0,1
779,779,43.0,0,1,211.3375,0,0,0,1,0,0
780,780,13.0,0,0,7.2292,1,0,0,0,0,1
781,781,17.0,1,0,57.0,0,0,0,1,0,0
782,782,29.0,0,0,30.0,1,1,0,1,0,0
783,783,29.69911764705882,1,2,23.45,0,1,0,1,0,1
784,784,25.0,0,0,7.05,1,1,0,1,0,1
785,785,25.0,0,0,7.25,1,1,0,1,0,1
786,786,18.0,0,0,7.4958,1,0,0,1,0,1
787,787,8.0,4,1,29.125,0,1,1,0,0,1
788,788,1.0,1,2,20.575,0,1,0,1,0,1
789,789,46.0,0,0,79.2,1,1,0,0,0,0
790,790,29.69911764705882,0,0,7.75,1,1,1,0,0,1
791,791,16.0,0,0,26.0,1,1,0,1,1,0
792,792,29.69911764705882,8,2,69.55,0,0,0,1,0,1
793,793,29.69911764705882,0,0,30.6958,1,1,0,0,0,0
794,794,25.0,0,0,7.8958,1,1,0,1,0,1
795,795,39.0,0,0,13.0,1,1,0,1,1,0
796,796,49.0,0,0,25.9292,1,0,0,1,0,0
797,797,31.0,0,0,8.6833,1,0,0,1,0,1
798,798,30.0,0,0,7.2292,1,1,0,0,0,1
799,799,30.0,1,1,24.15,0,0,0,1,0,1
800,800,34.0,0,0,13.0,1,1,0,1,1,0
801,801,31.0,1,1,26.25,0,0,0,1,1,0
802,802,11.0,1,2,120.0,0,1,0,1,0,0
803,803,0.42,0,1,8.5167,0,1,0,0,0,1
804,804,27.0,0,0,6.975,1,1,0,1,0,1
805,805,31.0,0,0,7.775,1,1,0,1,0,1
806,806,39.0,0,0,0.0,1,1,0,1,0,0
807,807,18.0,0,0,7.775,1,0,0,1,0,1
808,808,39.0,0,0,13.0,1,1,0,1,1,0
809,809,33.0,1,0,53.1,0,0,0,1,0,0
810,810,26.0,0,0,7.8875,1,1,0,1,0,1
811,811,39.0,0,0,24.15,1,1,0,1,0,1
812,812,35.0,0,0,10.5,1,1,0,1,1,0
813,813,6.0,4,2,31.275,0,0,0,1,0,1
814,814,30.5,0,0,8.05,1,1,0,1,0,1
815,815,29.69911764705882,0,0,0.0,1,1,0,1,0,0
816,816,23.0,0,0,7.925,1,0,0,1,0,1
817,817,31.0,1,1,37.0042,0,1,0,0,1,0
818,818,43.0,0,0,6.45,1,1,0,1,0,1
819,819,10.0,3,2,27.9,0,1,0,1,0,1
820,820,52.0,1,1,93.5,0,0,0,1,0,0
821,821,27.0,0,0,8.6625,1,1,0,1,0,1
822,822,38.0,0,0,0.0,1,1,0,1,0,0
823,823,27.0,0,1,12.475,0,0,0,1,0,1
824,824,2.0,4,1,39.6875,0,1,0,1,0,1
825,825,29.69911764705882,0,0,6.95,1,1,1,0,0,1
826,826,29.69911764705882,0,0,56.4958,1,1,0,1,0,1
827,827,1.0,0,2,37.0042,0,1,0,0,1,0
828,828,29.69911764705882,0,0,7.75,1,1,1,0,0,1
830,830,15.0,1,0,14.4542,0,0,0,0,0,1
831,831,0.83,1,1,18.75,0,1,0,1,1,0
832,832,29.69911764705882,0,0,7.2292,1,1,0,0,0,1
833,833,23.0,0,0,7.8542,1,1,0,1,0,1
834,834,18.0,0,0,8.3,1,1,0,1,0,1
835,835,39.0,1,1,83.1583,0,0,0,0,0,0
836,836,21.0,0,0,8.6625,1,1,0,1,0,1
837,837,29.69911764705882,0,0,8.05,1,1,0,1,0,1
838,838,32.0,0,0,56.4958,1,1,0,1,0,1
839,839,29.69911764705882,0,0,29.7,1,1,0,0,0,0
840,840,20.0,0,0,7.925,1,1,0,1,0,1
841,841,16.0,0,0,10.5,1,1,0,1,1,0
842,842,30.0,0,0,31.0,1,0,0,0,0,0
843,843,34.5,0,0,6.4375,1,1,0,0,0,1
844,844,17.0,0,0,8.6625,1,1,0,1,0,1
845,845,42.0,0,0,7.55,1,1,0,1,0,1
846,846,29.69911764705882,8,2,69.55,0,1,0,1,0,1
847,847,35.0,0,0,7.8958,1,1,0,0,0,1
848,848,28.0,0,1,33.0,0,1,0,1,1,0
849,849,29.69911764705882,1,0,89.1042,0,0,0,0,0,0
850,850,4.0,4,2,31.275,0,1,0,1,0,1
851,851,74.0,0,0,7.775,1,1,0,1,0,1
852,852,9.0,1,1,15.2458,0,0,0,0,0,1
853,853,16.0,0,1,39.4,0,0,0,1,0,0
854,854,44.0,1,0,26.0,0,0,0,1,1,0
855,855,18.0,0,1,9.35,0,0,0,1,0,1
856,856,45.0,1,1,164.8667,0,0,0,1,0,0
857,857,51.0,0,0,26.55,1,1,0,1,0,0
858,858,24.0,0,3,19.2583,0,0,0,0,0,1
859,859,29.69911764705882,0,0,7.2292,1,1,0,0,0,1
860,860,41.0,2,0,14.1083,0,1,0,1,0,1
861,861,21.0,1,0,11.5,0,1,0,1,1,0
862,862,48.0,0,0,25.9292,1,0,0,1,0,0
863,863,29.69911764705882,8,2,69.55,0,0,0,1,0,1
864,864,24.0,0,0,13.0,1,1,0,1,1,0
865,865,42.0,0,0,13.0,1,0,0,1,1,0
866,866,27.0,1,0,13.8583,0,0,0,0,1,0
867,867,31.0,0,0,50.4958,1,1,0,1,0,0
868,868,29.69911764705882,0,0,9.5,1,1,0,1,0,1
869,869,4.0,1,1,11.1333,0,1,0,1,0,1
870,870,26.0,0,0,7.8958,1,1,0,1,0,1
871,871,47.0,1,1,52.5542,0,0,0,1,0,0
872,872,33.0,0,0,5.0,1,1,0,1,0,0
873,873,47.0,0,0,9.0,1,1,0,1,0,1
874,874,28.0,1,0,24.0,0,0,0,0,1,0
875,875,15.0,0,0,7.225,1,0,0,0,0,1
876,876,20.0,0,0,9.8458,1,1,0,1,0,1
877,877,19.0,0,0,7.8958,1,1,0,1,0,1
878,878,29.69911764705882,0,0,7.8958,1,1,0,1,0,1
879,879,56.0,0,1,83.1583,0,0,0,0,0,0
880,880,25.0,0,1,26.0,0,0,0,1,1,0
881,881,33.0,0,0,7.8958,1,1,0,1,0,1
882,882,22.0,0,0,10.5167,1,0,0,1,0,1
883,883,28.0,0,0,10.5,1,1,0,1,1,0
884,884,25.0,0,0,7.05,1,1,0,1,0,1
885,885,39.0,0,5,29.125,0,0,1,0,0,1
886,886,27.0,0,0,13.0,1,1,0,1,1,0
887,887,19.0,0,0,30.0,1,0,0,1,0,0
888,888,29.69911764705882,1,2,23.45,0,0,0,1,0,1
889,889,26.0,0,0,30.0,1,1,0,0,0,0
890,890,32.0,0,0,7.75,1,1,1,0,0,1
